{
  "backend": "Winterfell",
  "scenario": "release",
  "rounds": 20,
  "prove_times_ms": [
    1,
    1,
    0,
    0,
    0,
    0,
    0,
    0,
    0,
    0,
    0,
    1,
    1,
    0,
    2,
    0,
    0,
    0,
    0,
    0
  ],
  "verify_times_ms": [
    0,
    0,
    0,
    0,
    0,
    0,
    0,
    0,
    0,
    0,
    1,
    0,
    0,
    0,
    0,
    0,
    0,
    0,
    0,
    0
  ],
  "proof_sizes_bytes": [
    9971,
    9971,
    9971,
    9971,
    9971,
    9971,
    9971,
    9971,
    9971,
    9971,
    9971,
    9971,
    9971,
    9971,
    9971,
    9971,
    9971,
    9971,
    9971,
    9971
  ],
  "mean_prove_ms": 0.3,
  "std_prove_ms": 0.5567764362830021,
  "p95_prove_ms": 2,
  "mean_verify_ms": 0.05,
  "std_verify_ms": 0.2179449471770336,
  "p95_verify_ms": 1,
  "mean_proof_size_kb": 9.7373046875
}