{
  "backend": "Winterfell",
  "scenario": "enter_quarantine",
  "rounds": 20,
  "prove_times_ms": [
    0,
    0,
    0,
    0,
    0,
    0,
    0,
    0,
    0,
    0,
    0,
    0,
    0,
    0,
    0,
    0,
    0,
    0,
    0,
    1
  ],
  "verify_times_ms": [
    0,
    0,
    0,
    0,
    0,
    0,
    0,
    0,
    0,
    0,
    0,
    0,
    1,
    0,
    0,
    0,
    0,
    0,
    0,
    0
  ],
  "proof_sizes_bytes": [
    9573,
    9573,
    9573,
    9573,
    9573,
    9573,
    9573,
    9573,
    9573,
    9573,
    9573,
    9573,
    9573,
    9573,
    9573,
    9573,
    9573,
    9573,
    9573,
    9573
  ],
  "mean_prove_ms": 0.05,
  "std_prove_ms": 0.21794494717703367,
  "p95_prove_ms": 1,
  "mean_verify_ms": 0.05,
  "std_verify_ms": 0.21794494717703364,
  "p95_verify_ms": 1,
  "mean_proof_size_kb": 9.3486328125
}