{
  "backend": "Winterfell",
  "scenario": "normal",
  "rounds": 20,
  "prove_times_ms": [
    4,
    0,
    0,
    0,
    0,
    0,
    0,
    0,
    0,
    0,
    0,
    0,
    0,
    0,
    0,
    0,
    0,
    0,
    0,
    0
  ],
  "verify_times_ms": [
    0,
    0,
    0,
    0,
    0,
    0,
    0,
    0,
    0,
    0,
    0,
    0,
    0,
    0,
    0,
    0,
    0,
    0,
    0,
    0
  ],
  "proof_sizes_bytes": [
    10343,
    10343,
    10343,
    10343,
    10343,
    10343,
    10343,
    10343,
    10343,
    10343,
    10343,
    10343,
    10343,
    10343,
    10343,
    10343,
    10343,
    10343,
    10343,
    10343
  ],
  "mean_prove_ms": 0.2,
  "std_prove_ms": 0.8717797887081342,
  "p95_prove_ms": 4,
  "mean_verify_ms": 0.0,
  "std_verify_ms": 0.0,
  "p95_verify_ms": 0,
  "mean_proof_size_kb": 10.1005859375
}