{
  "backend": "Winterfell",
  "scenario": "normal",
  "trace_length": 128,
  "rounds": 10,
  "prove_times_ms": [
    8,
    7,
    6,
    6,
    6,
    6,
    7,
    7,
    6,
    6
  ],
  "verify_times_ms": [
    0,
    0,
    0,
    0,
    0,
    0,
    0,
    0,
    0,
    0
  ],
  "proof_sizes_bytes": [
    25937,
    25937,
    25937,
    25937,
    25937,
    25937,
    25937,
    25937,
    25937,
    25937
  ],
  "mean_prove_ms": 6.5,
  "std_prove_ms": 0.6708203932499369,
  "p95_prove_ms": 8,
  "mean_verify_ms": 0.0,
  "std_verify_ms": 0.0,
  "p95_verify_ms": 0,
  "mean_proof_size_kb": 25.3291015625
}