{
  "timestamp": "2025-11-07T04:57:09.200771+00:00",
  "seed": 42,
  "mode0": {
    "detection_rate": 1.0,
    "fpr": 1.0,
    "true_positives": 7,
    "false_positives": 13,
    "true_negatives": 0,
    "false_negatives": 0,
    "time_ms": 986.2251281738281
  },
  "mode1": {
    "detection_rate": 0.0,
    "fpr": 0.0,
    "true_positives": 0,
    "false_positives": 0,
    "true_negatives": 13,
    "false_negatives": 7,
    "time_ms": 1404.8526287078857,
    "adaptive_threshold": 0.4042487942149907,
    "auroc": 0.13186813186813184,
    "auprc": 0.24308196962995726,
    "cohen_d": 1.4224506807312092,
    "honest_mean": 0.5013628901938886,
    "honest_std": 0.0025784573551418774,
    "byzantine_mean": 0.49763697459099177,
    "byzantine_std": 0.0023012243967464397,
    "val_class_counts": {
      "0": 19,
      "1": 20,
      "2": 21,
      "3": 24,
      "4": 24,
      "5": 18,
      "6": 12,
      "7": 21,
      "8": 26,
      "9": 15
    },
    "ema_alpha": 0.7,
    "winsorize": 0.05,
    "dispersion": "mad",
    "hybrid_lambda": 0.7,
    "relative_improvement": true,
    "grad_clip": 1.0,
    "freeze_bn": true
  },
  "quality_stats": {
    "honest_mean": 0.5188075306472301,
    "honest_std": 0.0354589798855054,
    "byzantine_mean": 0.46762033649175494,
    "byzantine_std": 0.031598473735474135
  },
  "per_client": [
    {
      "node_id": 0,
      "role": "honest",
      "mode0_detected": true,
      "mode1_detected": false,
      "classification": "TN",
      "quality_score": 0.5116344582465486,
      "baseline_loss": 37.283714294433594,
      "updated_loss": 37.2711181640625,
      "loss_improvement": 0.01259613037109375,
      "raw_quality": 0.5008446126297039,
      "relative_improvement": 0.00033784537322705357,
      "gradient_norm": 1.000000000000904,
      "hybrid_component": 0.5368107646858531
    },
    {
      "node_id": 1,
      "role": "honest",
      "mode0_detected": true,
      "mode1_detected": false,
      "classification": "TN",
      "quality_score": 0.505481933362427,
      "baseline_loss": 37.283714294433594,
      "updated_loss": 37.27782440185547,
      "loss_improvement": 0.005889892578125,
      "raw_quality": 0.5003949372711841,
      "relative_improvement": 0.00015797494132724734,
      "gradient_norm": 1.000000000000883,
      "hybrid_component": 0.5173515909086602
    },
    {
      "node_id": 2,
      "role": "honest",
      "mode0_detected": true,
      "mode1_detected": false,
      "classification": "TN",
      "quality_score": 0.5714896911307792,
      "baseline_loss": 37.283714294433594,
      "updated_loss": 37.2062873840332,
      "loss_improvement": 0.07742691040039062,
      "raw_quality": 0.5051915514153336,
      "relative_improvement": 0.0020766951969683543,
      "gradient_norm": 1.0000000000008498,
      "hybrid_component": 0.7261853504668188
    },
    {
      "node_id": 3,
      "role": "honest",
      "mode0_detected": true,
      "mode1_detected": false,
      "classification": "TN",
      "quality_score": 0.4455794053692961,
      "baseline_loss": 37.283714294433594,
      "updated_loss": 37.34290313720703,
      "loss_improvement": -0.0591888427734375,
      "raw_quality": 0.4960312698960974,
      "relative_improvement": -0.001587525381887027,
      "gradient_norm": 1.0000000000005684,
      "hybrid_component": 0.3278583881400928
    },
    {
      "node_id": 4,
      "role": "honest",
      "mode0_detected": true,
      "mode1_detected": false,
      "classification": "TN",
      "quality_score": 0.47907844208834527,
      "baseline_loss": 37.283714294433594,
      "updated_loss": 37.30648422241211,
      "loss_improvement": -0.022769927978515625,
      "raw_quality": 0.4984732035395987,
      "relative_improvement": -0.0006107204823719815,
      "gradient_norm": 1.0000000000008702,
      "hybrid_component": 0.43382399870208743
    },
    {
      "node_id": 5,
      "role": "honest",
      "mode0_detected": true,
      "mode1_detected": false,
      "classification": "TN",
      "quality_score": 0.47247741063863147,
      "baseline_loss": 37.283714294433594,
      "updated_loss": 37.313575744628906,
      "loss_improvement": -0.0298614501953125,
      "raw_quality": 0.49799769878538386,
      "relative_improvement": -0.0008009247672990234,
      "gradient_norm": 1.0000000000007916,
      "hybrid_component": 0.41293007162954243
    },
    {
      "node_id": 6,
      "role": "honest",
      "mode0_detected": true,
      "mode1_detected": false,
      "classification": "TN",
      "quality_score": 0.5581253181683525,
      "baseline_loss": 37.283714294433594,
      "updated_loss": 37.220767974853516,
      "loss_improvement": 0.06294631958007812,
      "raw_quality": 0.5042206648157852,
      "relative_improvement": 0.0016883060277467024,
      "gradient_norm": 1.0000000000008582,
      "hybrid_component": 0.6839028426576763
    },
    {
      "node_id": 7,
      "role": "honest",
      "mode0_detected": true,
      "mode1_detected": false,
      "classification": "TN",
      "quality_score": 0.5612102685381755,
      "baseline_loss": 37.283714294433594,
      "updated_loss": 37.217445373535156,
      "loss_improvement": 0.0662689208984375,
      "raw_quality": 0.5044434398202009,
      "relative_improvement": 0.0017774227206845473,
      "gradient_norm": 1.0000000000009006,
      "hybrid_component": 0.6936662022134493
    },
    {
      "node_id": 8,
      "role": "honest",
      "mode0_detected": true,
      "mode1_detected": false,
      "classification": "TN",
      "quality_score": 0.5301079032421053,
      "baseline_loss": 37.283714294433594,
      "updated_loss": 37.25111389160156,
      "loss_improvement": 0.03260040283203125,
      "raw_quality": 0.5021859540917815,
      "relative_improvement": 0.0008743872076312538,
      "gradient_norm": 1.0000000000008458,
      "hybrid_component": 0.5952591179261943
    },
    {
      "node_id": 9,
      "role": "honest",
      "mode0_detected": true,
      "mode1_detected": false,
      "classification": "TN",
      "quality_score": 0.5108034641219531,
      "baseline_loss": 37.283714294433594,
      "updated_loss": 37.27202606201172,
      "loss_improvement": 0.011688232421875,
      "raw_quality": 0.5007837351421753,
      "relative_improvement": 0.00031349431361831984,
      "gradient_norm": 1.0000000000009142,
      "hybrid_component": 0.5341828317414345
    },
    {
      "node_id": 10,
      "role": "honest",
      "mode0_detected": true,
      "mode1_detected": false,
      "classification": "TN",
      "quality_score": 0.5417400136547643,
      "baseline_loss": 37.283714294433594,
      "updated_loss": 37.238548278808594,
      "loss_improvement": 0.045166015625,
      "raw_quality": 0.5030284981080919,
      "relative_improvement": 0.0012114140578462491,
      "gradient_norm": 1.0000000000008216,
      "hybrid_component": 0.6320668832636664
    },
    {
      "node_id": 11,
      "role": "honest",
      "mode0_detected": true,
      "mode1_detected": false,
      "classification": "TN",
      "quality_score": 0.5262936136239377,
      "baseline_loss": 37.283714294433594,
      "updated_loss": 37.25524139404297,
      "loss_improvement": 0.028472900390625,
      "raw_quality": 0.5019091956467826,
      "relative_improvement": 0.0007636819702503719,
      "gradient_norm": 1.0000000000008642,
      "hybrid_component": 0.583190588903966
    },
    {
      "node_id": 12,
      "role": "honest",
      "mode0_detected": true,
      "mode1_detected": false,
      "classification": "TN",
      "quality_score": 0.5304759762286746,
      "baseline_loss": 37.283714294433594,
      "updated_loss": 37.25071334838867,
      "loss_improvement": 0.033000946044921875,
      "raw_quality": 0.5022128113584332,
      "relative_improvement": 0.0008851303221645186,
      "gradient_norm": 1.0000000000008331,
      "hybrid_component": 0.5964233609259046
    },
    {
      "node_id": 13,
      "role": "byzantine",
      "mode0_detected": true,