{
  "total_false_positives": 88,
  "n_clusters": 3,
  "clusters": {
    "0": {
      "count": 30,
      "percentage": 34.090909090909086,
      "feature_means": {
        "round": 6.3,
        "pogq_score": 0.4740011456253613,
        "cos_anchor": -0.2355637451944252,
        "cos_median": 0.09922882014206393,
        "committee_score": 0.0,
        "reputation": 0.031563802083333335,
        "consecutive_acceptable": 0.0,
        "consecutive_honest": 0.0,
        "consecutive_byzantine": 6.1
      },
      "feature_stds": {
        "round": 1.8645821694595996,
        "pogq_score": 3.396287834591256e-06,
        "cos_anchor": 0.11754356995111247,
        "cos_median": 0.1998574250241403,
        "committee_score": 0.0,
        "reputation": 0.037781371004345386,
        "consecutive_acceptable": 0.0,
        "consecutive_honest": 0.0,
        "consecutive_byzantine": 2.4131583730317687
      },
      "round_distribution": {
        "2": 1,
        "3": 1,
        "4": 3,
        "5": 5,
        "6": 7,
        "7": 4,
        "8": 4,
        "9": 5
      },
      "common_characteristics": [
        "Negative cosine anchor (avg: -0.236)",
        "Low reputation (avg: 0.032)",
        "Fails to accumulate acceptable behavior"
      ]
    },
    "1": {
      "count": 29,
      "percentage": 32.95454545454545,
      "feature_means": {
        "round": 6.551724137931035,
        "pogq_score": 0.47400000000000003,
        "cos_anchor": 0.4037088767850193,
        "cos_median": 0.24062562229691892,
        "committee_score": 0.0,
        "reputation": 0.09941766971982757,
        "consecutive_acceptable": 0.0,
        "consecutive_honest": 0.0,
        "consecutive_byzantine": 2.2758620689655173
      },
      "feature_stds": {
        "round": 1.9402489512600272,
        "pogq_score": 5.551115123125783e-17,
        "cos_anchor": 0.24186643097897195,
        "cos_median": 0.18152246797758895,
        "committee_score": 0.0,
        "reputation": 0.10254170673188095,
        "consecutive_acceptable": 0.0,
        "consecutive_honest": 0.0,
        "consecutive_byzantine": 1.3103448275862069
      },
      "round_distribution": {
        "3": 3,
        "4": 2,
        "5": 4,
        "6": 4,
        "7": 5,
        "8": 5,
        "9": 6
      },
      "common_characteristics": [
        "Low reputation (avg: 0.099)",
        "Fails to accumulate acceptable behavior"
      ]
    },
    "2": {
      "count": 29,
      "percentage": 32.95454545454545,
      "feature_means": {
        "round": 1.5862068965517242,
        "pogq_score": 0.4740001604399881,
        "cos_anchor": 0.05593852599247776,
        "cos_median": 0.18158875114349526,
        "committee_score": 0.0,
        "reputation": 0.33663793103448275,
        "consecutive_acceptable": 0.0,
        "consecutive_honest": 0.0,
        "consecutive_byzantine": 1.7241379310344827
      },
      "feature_stds": {
        "round": 1.352322175939833,
        "pogq_score": 8.4896861748032e-07,
        "cos_anchor": 0.39840725792782633,
        "cos_median": 0.2042054977251024,
        "committee_score": 0.0,
        "reputation": 0.1541079389165227,
        "consecutive_acceptable": 0.0,
        "consecutive_honest": 0.0,
        "consecutive_byzantine": 0.7832977028690034
      },
      "round_distribution": {
        "0": 7,
        "1": 8,
        "2": 9,
        "3": 1,
        "4": 3,
        "5": 1
      },
      "common_characteristics": [
        "Occurs in early rounds",
        "Fails to accumulate acceptable behavior"
      ]
    }
  },
  "recommendations": [
    {
      "issue": "Cluster 0: Fails to accumulate recovery rounds",
      "current_value": "consecutive_acceptable=0.0 in round 6.3",
      "recommendation": "Reduce BEHAVIOR_RECOVERY_THRESHOLD to 2 or increase BEHAVIOR_RECOVERY_BONUS to 0.12",
      "expected_impact": "Help 30 nodes recover (34.1%)"
    },
    {
      "issue": "Cluster 1: Fails to accumulate recovery rounds",
      "current_value": "consecutive_acceptable=0.0 in round 6.6",
      "recommendation": "Reduce BEHAVIOR_RECOVERY_THRESHOLD to 2 or increase BEHAVIOR_RECOVERY_BONUS to 0.12",
      "expected_impact": "Help 29 nodes recover (33.0%)"
    },
    {
      "issue": "Cluster 2: High early-round FP rate",
      "current_value": "avg_round=1.6",
      "recommendation": "Implement gentler initial penalties (two-tier system)",
      "expected_impact": "Prevent 29 early FPs (33.0%)"
    }
  ],
  "feature_names": [
    "round",
    "pogq_score",
    "cos_anchor",
    "cos_median",
    "committee_score",
    "reputation",
    "consecutive_acceptable",
    "consecutive_honest",
    "consecutive_byzantine"
  ]
}