{
  "config": {
    "baselines": [
      {
        "name": "fedavg",
        "params": {}
      }
    ],
    "byzantine": {
      "attack_types": [
        "adaptive"
      ],
      "enable_peer_context": true,
      "num_byzantine": 6,
      "severity": 1.0
    },
    "data_split": {
      "alpha": 0.1,
      "num_clients": 20,
      "seed": 42,
      "type": "dirichlet"
    },
    "dataset": {
      "name": "mnist",
      "num_test": 10000,
      "num_train": 60000
    },
    "description": "Quick validation: Does PoGQ beat Multi-Krum on hardest cases?",
    "device": "cuda",
    "experiment_name": "grand_slam_mnist_fedavg_30pct",
    "federated": {
      "batch_size": 32,
      "fraction_clients": 1.0,
      "learning_rate": 0.01,
      "local_epochs": 5,
      "num_byzantine": 6,
      "num_clients": 20,
      "num_rounds": 50,
      "quality_threshold": 0.3,
      "reputation_decay": 0.95
    },
    "model": {
      "params": {
        "num_classes": 10
      },
      "type": "simple_cnn"
    },
    "save": {
      "attack_analysis": true,
      "final_model": false,
      "metrics": [
        "train_loss",
        "train_accuracy",
        "test_loss",
        "test_accuracy",
        "num_accepted",
        "avg_quality_score"
      ],
      "per_round": true
    },
    "training": {
      "batch_size": 32,
      "learning_rate": 0.01,
      "local_epochs": 5,
      "num_rounds": 50
    }
  },
  "baselines": {
    "fedavg": {
      "rounds": [
        0,
        1,
        2,
        3,
        4,
        5,
        6,
        7,
        8,
        9,
        10,
        11,
        12,
        13,
        14,
        15,
        16,
        17,
        18,
        19,
        20,
        21,
        22,
        23,
        24,
        25,
        26,
        27,
        28,
        29,
        30,
        31,
        32,
        33,
        34,
        35,
        36,
        37,
        38,
        39,
        40,
        41,
        42,
        43,
        44,
        45,
        46,
        47,
        48,
        49
      ],
      "train_loss": [
        0.4727077182781481,
        0.17623186275185693,
        0.09943660368335197,
        0.06828665766590103,
        0.05367188964888185,
        0.04489850828163607,
        0.03923161186993386,
        0.03441242957490277,
        0.030708256215545786,
        0.03073388924476622,
        0.02679464595420068,
        0.02505726240490393,
        0.026140632768116335,
        0.02291407248529054,
        0.01983783452829566,
        0.019549147213942117,
        0.019094974015446443,
        0.01826806955589836,
        0.017965117347654002,
        0.01688484895906136,
        0.015028869349625154,
        0.015910096516485676,
        0.015501379983781255,
        0.014330356961755553,
        0.015866155268129494,
        0.012697863265063673,
        0.013664896078443026,
        0.014479564275791085,
        0.012282208607393257,
        0.012234681747533527,
        0.01247001497119152,
        0.01095981455079323,
        0.010953094693102284,
        0.010833237469556705,
        0.010933785786938958,
        0.011299400985439505,
        0.010669899006399664,
        0.00947131462424287,
        0.010388977887601767,
        0.010290964414164919,
        0.009392379131193826,
        0.009279266489635108,
        0.008862909165387737,
        0.009718958233578195,
        0.010077815837311186,
        0.009352364050219603,
        0.0085984458366232,
        0.0082334583598878,
        0.01908013006685955,
        0.007714133376065966
      ],
      "train_accuracy": [
        0.8666194641161002,
        0.9510546425565117,
        0.9723041077136582,
        0.9804788492078572,
        0.9845234971304023,
        0.987189723317196,
        0.9877627573769227,
        0.9896295056108306,
        0.9914125583248277,
        0.9910484475047616,
        0.99063557511803,
        0.9919345600642352,
        0.991752266552439,
        0.9936596671717235,
        0.9934535352508103,
        0.9934816971838629,
        0.9949291908101807,
        0.9941806176129517,
        0.9940492833412948,
        0.9950073417371288,
        0.995760196798185,
        0.9949368733734589,
        0.9949810931383576,
        0.9952549082852997,
        0.9955180849023983,
        0.9962281456758199,
        0.9957766479094282,
        0.9955064640542008,
        0.9965507851352093,
        0.9955982437902919,
        0.9961660827229221,
        0.9969395192952482,
        0.9966008647024012,
        0.9967130537720401,
        0.9960313084163985,
        0.9962300304116136,
        0.996762709139265,
        0.9971999837100881,
        0.9967058555113993,
        0.9967933088395527,
        0.9969938140310586,
        0.9968685387563223,
        0.9973155255848924,
        0.996745049983622,
        0.9965691748235841,
        0.9968964929659496,
        0.9974708423023104,
        0.9974876989252422,
        0.9963933178131328,
        0.9976541822012258
      ],
      "test_loss": [
        1.3417242885397647,
        null,
        null,
        null,
        null,
        null,
        null,
        null,
        null,
        null,
        0.11237045367376301,
        null,
        null,
        null,
        null,
        null,
        null,
        null,
        null,
        null,
        0.06973383644834338,
        null,
        null,
        null,
        null,
        null,
        null,
        null,
        null,
        null,
        0.05246987643200415,
        null,
        null,
        null,
        null,
        null,
        null,
        null,
        null,
        null,
        0.04713256650622858,
        null,
        null,
        null,
        null,
        null,
        null,
        null,
        null,
        0.043738034096899206
      ],
      "test_accuracy": [
        0.6124,
        null,
        null,
        null,
        null,
        null,
        null,
        null,
        null,
        null,
        0.9625,
        null,
        null,
        null,
        null,
        null,
        null,
        null,
        null,
        null,
        0.9756,
        null,
        null,
        null,
        null,
        null,
        null,
        null,
        null,
        null,
        0.9813,
        null,
        null,
        null,
        null,
        null,
        null,
        null,
        null,
        null,
        0.9838,
        null,
        null,
        null,
        null,
        null,
        null,
        null,
        null,
        0.9855
      ]
    }
  },
  "metadata": {
    "start_time": "2025-10-14T07:46:29.819904",
    "device": "cuda",
    "end_time": "2025-10-14T08:55:14.982397"
  },
  "split_stats": {
    "num_clients": 20,
    "samples_per_client": [
      1641,
      1152,
      2745,
      5826,
      672,
      11093,
      30,
      3701,
      2353,
      5543,
      4001,
      2753,
      3898,
      1779,
      2877,
      483,
      1457,
      6951,
      833,
      212
    ],
    "total_samples": 60000,
    "min_samples": 30,
    "max_samples": 11093,
    "mean_samples": 3000.0,