{
  "config": {
    "baselines": [
      {
        "name": "fedavg",
        "params": {}
      }
    ],
    "byzantine": {
      "attack_types": [
        "adaptive"
      ],
      "enable_peer_context": true,
      "num_byzantine": 6,
      "severity": 1.0
    },
    "data_split": {
      "alpha": 0.1,
      "num_clients": 10,
      "seed": 42,
      "type": "dirichlet"
    },
    "dataset": {
      "name": "mnist",
      "num_test": 10000,
      "num_train": 60000
    },
    "description": "Quick validation: Does PoGQ beat Multi-Krum on hardest cases?",
    "device": "cuda",
    "experiment_name": "grand_slam_mnist_fedavg_30pct",
    "federated": {
      "batch_size": 32,
      "fraction_clients": 1.0,
      "learning_rate": 0.01,
      "local_epochs": 5,
      "num_byzantine": 6,
      "num_clients": 10,
      "num_rounds": 50,
      "quality_threshold": 0.3,
      "reputation_decay": 0.95
    },
    "model": {
      "params": {
        "num_classes": 10
      },
      "type": "simple_cnn"
    },
    "save": {
      "attack_analysis": true,
      "final_model": false,
      "metrics": [
        "train_loss",
        "train_accuracy",
        "test_loss",
        "test_accuracy",
        "num_accepted",
        "avg_quality_score"
      ],
      "per_round": true
    },
    "training": {
      "batch_size": 32,
      "learning_rate": 0.01,
      "local_epochs": 5,
      "num_rounds": 50
    }
  },
  "baselines": {
    "fedavg": {
      "rounds": [
        0,
        1,
        2,
        3,
        4,
        5,
        6,
        7,
        8,
        9,
        10,
        11,
        12,
        13,
        14,
        15,
        16,
        17,
        18,
        19,
        20,
        21,
        22,
        23,
        24,
        25,
        26,
        27,
        28,
        29,
        30,
        31,
        32,
        33,
        34,
        35,
        36,
        37,
        38,
        39,
        40,
        41,
        42,
        43,
        44,
        45,
        46,
        47,
        48,
        49
      ],
      "train_loss": [
        0.40304081365080197,
        0.1139804505306623,
        0.06583065455914898,
        0.04702467229131992,
        0.038354564934460086,
        0.03312688250076466,
        0.02894267501613998,
        0.024816877832777796,
        0.02339242660091304,
        0.02099568880785448,
        0.019204936315849956,
        0.018207719571662995,
        0.016946361031754963,
        0.01722044597599332,
        0.015899335160377025,
        0.014879324256677848,
        0.01361605189433332,
        0.01330368643776279,
        0.014226837870786038,
        0.012570690487210328,
        0.011941834979151678,
        0.0116718138365391,
        0.012845730309819434,
        0.011197050831285756,
        0.010849742423583598,
        0.01135270589016618,
        0.010771870184575873,
        0.010785950219977409,
        0.009924076547588305,
        0.010157299247295921,
        0.010951097154711376,
        0.009237121203699277,
        0.0101022744887549,
        0.008220406720892342,
        0.008574575892466213,
        0.010627838702005636,
        0.007993440189454058,
        0.008535090252864279,
        0.00843693127626067,
        0.008669869284637683,
        0.010772490378081461,
        0.009007468348711122,
        0.008566982080166426,
        0.007797184160293832,
        0.008137247030514803,
        0.007664693338334287,
        0.008885479554263205,
        0.007902135126306236,
        0.008592254788257389,
        0.007855661203900957
      ],
      "train_accuracy": [
        0.882739320129714,
        0.9679931338372917,
        0.9808801671378895,
        0.9861227459523064,
        0.9884639554947723,
        0.990572771053181,
        0.9918566186465041,
        0.9927704575885496,
        0.9932432319387852,
        0.9938808835319938,
        0.994086998861658,
        0.994630375664444,
        0.9949030026336642,
        0.9948661709986002,
        0.9949270873277178,
        0.9956269982373118,
        0.9959803008056998,
        0.9960613415804513,
        0.9958008765996672,
        0.9955675940917678,
        0.9967393425616942,
        0.9966356035868774,
        0.9964943124503559,
        0.9964634394945502,
        0.9969870706197653,
        0.9966699032778858,
        0.9968664871164465,
        0.9969586397405781,
        0.997049959159096,
        0.9968112180316805,
        0.9968514811670562,
        0.9968929450614704,
        0.9972219803946116,
        0.997489442219627,
        0.9974230078198569,
        0.996973449625688,
        0.9973081373732416,
        0.9973162641776744,
        0.9974141841763446,
        0.99772976471011,
        0.9975540706024049,
        0.9974257253085523,
        0.9971019884218038,
        0.9977454960721606,
        0.9975853127141461,
        0.9980667877689658,
        0.9980923611229278,
        0.9978281853060154,
        0.997257666901428,
        0.9976485581926715
      ],
      "test_loss": [
        0.8845279592865953,
        null,
        null,
        null,
        null,
        null,
        null,
        null,
        null,
        null,
        0.08445629617701413,
        null,
        null,
        null,
        null,
        null,
        null,
        null,
        null,
        null,
        0.054707253191492444,
        null,
        null,
        null,
        null,
        null,
        null,
        null,
        null,
        null,
        0.045635196008464635,
        null,
        null,
        null,
        null,
        null,
        null,
        null,
        null,
        null,
        0.043626342658584394,
        null,
        null,
        null,
        null,
        null,
        null,
        null,
        null,
        0.04248892184146119
      ],
      "test_accuracy": [
        0.7146,
        null,
        null,
        null,
        null,
        null,
        null,
        null,
        null,
        null,
        0.97,
        null,
        null,
        null,
        null,
        null,
        null,
        null,
        null,
        null,
        0.9803,
        null,
        null,
        null,
        null,
        null,
        null,
        null,
        null,
        null,
        0.9839,
        null,
        null,
        null,
        null,
        null,
        null,
        null,
        null,
        null,
        0.9847,
        null,
        null,
        null,
        null,
        null,
        null,
        null,
        null,
        0.9861
      ]
    }
  },
  "metadata": {
    "start_time": "2025-10-08T05:15:52.061146",
    "device": "cuda",
    "end_time": "2025-10-08T06:30:04.896382"
  },
  "split_stats": {
    "num_clients": 10,
    "samples_per_client": [
      9216,
      408,
      5870,
      529,
      13678,
      4402,
      4983,
      12043,
      301,
      8570
    ],
    "total_samples": 60000,
    "min_samples": 301,
    "max_samples": 13678,
    "mean_samples": 6000.0,