{
  "config": {
    "baselines": [
      {
        "name": "fedavg",
        "params": {}
      }
    ],
    "byzantine": {
      "attack_types": [
        "adaptive"
      ],
      "enable_peer_context": true,
      "num_byzantine": 6,
      "severity": 1.0
    },
    "data_split": {
      "alpha": 0.1,
      "num_clients": 20,
      "seed": 42,
      "type": "dirichlet"
    },
    "dataset": {
      "name": "mnist",
      "num_test": 10000,
      "num_train": 60000
    },
    "description": "Quick validation: Does PoGQ beat Multi-Krum on hardest cases?",
    "device": "cuda",
    "experiment_name": "grand_slam_mnist_fedavg_30pct",
    "federated": {
      "batch_size": 32,
      "fraction_clients": 1.0,
      "learning_rate": 0.01,
      "local_epochs": 5,
      "num_byzantine": 6,
      "num_clients": 20,
      "num_rounds": 50,
      "quality_threshold": 0.3,
      "reputation_decay": 0.95
    },
    "model": {
      "params": {
        "num_classes": 10
      },
      "type": "simple_cnn"
    },
    "save": {
      "attack_analysis": true,
      "final_model": false,
      "metrics": [
        "train_loss",
        "train_accuracy",
        "test_loss",
        "test_accuracy",
        "num_accepted",
        "avg_quality_score"
      ],
      "per_round": true
    },
    "training": {
      "batch_size": 32,
      "learning_rate": 0.01,
      "local_epochs": 5,
      "num_rounds": 50
    }
  },
  "baselines": {
    "fedavg": {
      "rounds": [
        0,
        1,
        2,
        3,
        4,
        5,
        6,
        7,
        8,
        9,
        10,
        11,
        12,
        13,
        14,
        15,
        16,
        17,
        18,
        19,
        20,
        21,
        22,
        23,
        24,
        25,
        26,
        27,
        28,
        29,
        30,
        31,
        32,
        33,
        34,
        35,
        36,
        37,
        38,
        39,
        40,
        41,
        42,
        43,
        44,
        45,
        46,
        47,
        48,
        49
      ],
      "train_loss": [
        0.478693513033104,
        0.1743645597408255,
        0.09579798082999028,
        0.0662908303353903,
        0.05204376069467327,
        0.04213667463199898,
        0.037865728819068314,
        0.03281107742209731,
        0.030608601586534785,
        0.026780082265283896,
        0.02429202170548016,
        0.02314965031170228,
        0.021214938941662966,
        0.02133826091469152,
        0.019975159770131413,
        0.018710582808618585,
        0.017001592093157887,
        0.0188507960020078,
        0.01653372623455468,
        0.015727445394507242,
        0.015558466614998883,
        0.013802052110213004,
        0.01353127330453075,
        0.013362596941847996,
        0.013436659024597137,
        0.012339618690299581,
        0.012450562760433964,
        0.013526598719912932,
        0.011702050342552691,
        0.01101079189011087,
        0.018385682674668745,
        0.010445711588815578,
        0.010206691110020705,
        0.01140274967039911,
        0.010901186480482213,
        0.009413931487503555,
        0.00990374829840603,
        0.009709554223822083,
        0.008403608858011728,
        0.00836633963183065,
        0.00879482732327405,
        0.0089461689847332,
        0.008760064218635389,
        0.022939376826730376,
        0.007959038031313767,
        0.009065425326273321,
        0.00889059578943898,
        0.008437067854856733,
        0.007494062431980526,
        0.013264490970342043
      ],
      "train_accuracy": [
        0.8639502516124906,
        0.9491767947089139,
        0.9738811260572724,
        0.9813371293969471,
        0.9846536984898444,
        0.9872121549641708,
        0.9883775163058486,
        0.9907718573804049,
        0.9903626599974544,
        0.9921215794231906,
        0.9924450276923811,
        0.9932508660272884,
        0.9934028997473423,
        0.993542103840294,
        0.9945795292616563,
        0.994774968370581,
        0.9948252331505509,
        0.9940159943311855,
        0.9945987403961339,
        0.9953144878335219,
        0.9949856086134545,
        0.9960036386442468,
        0.9957848049893243,
        0.9961365503783715,
        0.9957340684517968,
        0.9964022666396455,
        0.99606710323681,
        0.9960261234667632,
        0.9963626835002085,
        0.9965937477309998,
        0.9960376578671106,
        0.9966054144988483,
        0.996703815102995,
        0.9963654048094647,
        0.9965858834011406,
        0.9974302052642571,
        0.9968853975740528,
        0.9966965847304321,
        0.9977214558590154,
        0.9977341039006999,
        0.9968982890369945,
        0.9973246586001515,
        0.9974600496788547,
        0.9964074815279675,
        0.997698677374402,
        0.9969883949694512,
        0.9972407938606789,
        0.9974575315690511,
        0.997525995757794,
        0.9974339200613176
      ],
      "test_loss": [
        1.3382362580527893,
        null,
        null,
        null,
        null,
        null,
        null,
        null,
        null,
        null,
        0.10939565185753528,
        null,
        null,
        null,
        null,
        null,
        null,
        null,
        null,
        null,
        0.06993180379374161,
        null,
        null,
        null,
        null,
        null,
        null,
        null,
        null,
        null,
        0.05408331727891801,
        null,
        null,
        null,
        null,
        null,
        null,
        null,
        null,
        null,
        0.04723476352189962,
        null,
        null,
        null,
        null,
        null,
        null,
        null,
        null,
        0.044559855867290596
      ],
      "test_accuracy": [
        0.5758,
        null,
        null,
        null,
        null,
        null,
        null,
        null,
        null,
        null,
        0.9639,
        null,
        null,
        null,
        null,
        null,
        null,
        null,
        null,
        null,
        0.9749,
        null,
        null,
        null,
        null,
        null,
        null,
        null,
        null,
        null,
        0.9811,
        null,
        null,
        null,
        null,
        null,
        null,
        null,
        null,
        null,
        0.9838,
        null,
        null,
        null,
        null,
        null,
        null,
        null,
        null,
        0.9842
      ]
    }
  },
  "metadata": {
    "start_time": "2025-10-13T22:43:07.511203",
    "device": "cuda",
    "end_time": "2025-10-13T23:56:39.024076"
  },
  "split_stats": {
    "num_clients": 20,
    "samples_per_client": [
      1641,
      1152,
      2745,
      5826,
      672,
      11093,
      30,
      3701,
      2353,
      5543,
      4001,
      2753,
      3898,
      1779,
      2877,
      483,
      1457,
      6951,
      833,
      212
    ],
    "total_samples": 60000,
    "min_samples": 30,
    "max_samples": 11093,
    "mean_samples": 3000.0,