{
  "config": {
    "baselines": [
      {
        "name": "fedavg",
        "params": {}
      }
    ],
    "byzantine": {
      "attack_types": [
        "adaptivepoisoning"
      ],
      "enable_peer_context": true,
      "num_byzantine": 3,
      "severity": 1.0
    },
    "data_split": {
      "alpha": 0.1,
      "num_clients": 10,
      "seed": 42,
      "type": "dirichlet"
    },
    "dataset": {
      "data_dir": "datasets",
      "name": "mnist",
      "num_test": 10000,
      "num_train": 60000
    },
    "device": "cuda",
    "experiment_name": "simple_pogq_validation",
    "federated": {
      "batch_size": 32,
      "fraction_clients": 1.0,
      "learning_rate": 0.01,
      "local_epochs": 3,
      "num_byzantine": 3,
      "num_clients": 10,
      "num_rounds": 20,
      "quality_threshold": 0.3,
      "reputation_decay": 0.95
    },
    "model": {
      "params": {
        "num_classes": 10
      },
      "type": "simple_cnn"
    },
    "save": {
      "attack_analysis": true,
      "final_model": false,
      "metrics": [
        "train_loss",
        "train_accuracy",
        "test_loss",
        "test_accuracy",
        "num_accepted",
        "avg_quality_score"
      ],
      "per_round": true
    },
    "training": {
      "batch_size": 32,
      "learning_rate": 0.01,
      "local_epochs": 3,
      "num_rounds": 20
    }
  },
  "baselines": {
    "fedavg": {
      "rounds": [
        0,
        1,
        2,
        3,
        4,
        5,
        6,
        7,
        8,
        9,
        10,
        11,
        12,
        13,
        14,
        15,
        16,
        17,
        18,
        19
      ],
      "train_loss": [
        0.4930952545276136,
        0.15438423155525577,
        0.09318024923211721,
        0.07016621574430225,
        0.05596391774867142,
        0.0489173460539967,
        0.04382416813388011,
        0.03853449708852863,
        0.0343715560117415,
        0.03371076141511564,
        0.032087351407079204,
        0.028887785143015897,
        0.028300617192106414,
        0.025782367556180914,
        0.026072252166313214,
        0.025065847791260476,
        0.022709361302195842,
        0.023022479732421802,
        0.0219419337995457,
        0.02023343036294679
      ],
      "train_accuracy": [
        0.851451055863617,
        0.9548584766160498,
        0.9728055775151437,
        0.9797502290537116,
        0.9832102936379284,
        0.9851025964321358,
        0.9866300506780432,
        0.988019413183219,
        0.9896145886836358,
        0.9897416647115378,
        0.9906278672007967,
        0.9911362059788213,
        0.991380985844148,
        0.9926507879068834,
        0.9922676992140603,
        0.9924664731909791,
        0.9928325243786287,
        0.9934281046894344,
        0.9934707272640655,
        0.9935389810768502
      ],
      "test_loss": [
        0.9322946738130369,
        null,
        null,
        null,
        null,
        null,
        null,
        null,
        null,
        null,
        0.11716998824492668,
        null,
        null,
        null,
        null,
        null,
        null,
        null,
        null,
        0.06974776133302801
      ],
      "test_accuracy": [
        0.7068,
        null,
        null,
        null,
        null,
        null,
        null,
        null,
        null,
        null,
        0.9567,
        null,
        null,
        null,
        null,
        null,
        null,
        null,
        null,
        0.9753
      ]
    }
  },
  "metadata": {
    "start_time": "2025-10-08T04:32:02.382018",
    "device": "cuda",
    "end_time": "2025-10-08T04:50:58.923999"
  },
  "split_stats": {
    "num_clients": 10,
    "samples_per_client": [
      9216,
      408,
      5870,
      529,
      13678,
      4402,
      4983,
      12043,
      301,
      8570
    ],
    "total_samples": 60000,
    "min_samples": 301,
    "max_samples": 13678,
    "mean_samples": 6000.0,
    "class_distribution": [
      [
        0,
        0,
        1114,
        0,
        3663,
        87,
        18,
        344,
        3985,
        5
      ],
      [
        0,
        0,
        8,
        27,
        0,
        0,
        60,
        294,
        3,
        16
      ],
      [
        6,
        379,
        250,
        1705,
        0,
        0,
        11,
        3,
        0,
        3516
      ],
      [
        1,
        0,
        0,
        15,
        151,
        45,
        0,
        243,
        0,
        74
      ],
      [
        138,
        3208,
        929,
        0,
        897,
        0,
        4805,
        3193,
        0,
        508
      ],
      [
        2,
        56,
        0,
        4314,
        0,
        2,
        24,
        0,
        0,
        4
      ],
      [
        7,
        13,
        0,
        6,
        0,
        3130,
        2,
        20,
        0,
        1805
      ],
      [
        3187,
        3083,
        0,
        1,
        1082,
        1934,
        893,
        0,
        1862,
        1
      ],
      [
        113,
        0,
        3,
        63,
        1,
        0,
        105,
        0,
        0,
        16
      ],
      [
        2469,
        3,
        3654,
        0,
        48,
        223,
        0,
        2168,
        1,
        4
      ]
    ],
    "class_imbalance": [
      1.6156818258107803,
      2.1147799672497407,
      1.868499006495348,
      1.48357550533515,
      1.1970990353594122,
      2.9336165565101373,
      2.063474331638175,
      0.9941450224114888,
      1.446953510916738,
      1.5149196942887404
    ],
    "mean_class_imbalance": 1.723274445601571
  }
}